Student ID,Message,Time,Link to message,student discord name,student discord ID
0,,06/07/2022 09:30:29,https://discord.com/channels/994167372090966016/994167372942413906/994173485364559932,Robo-Joey,994062571265073172
497877,/hello,06/07/2022 09:50:40,https://discord.com/channels/994167372090966016/994167372942413906/994178565220335666,Joey Nic,282428409685213184
497877,/hello,06/07/2022 09:55:20,https://discord.com/channels/994167372090966016/994167372942413906/994179739579330630,Joey Nic,282428409685213184
497877,/hello,06/07/2022 09:58:53,https://discord.com/channels/994167372090966016/994167372942413906/994180629828735029,Joey Nic,282428409685213184
497877,hello,06/07/2022 10:03:31,https://discord.com/channels/994167372090966016/994167372942413906/994181798152126544,Joey Nic,282428409685213184
497877,_hi_,06/07/2022 10:16:44,https://discord.com/channels/994167372090966016/994167372942413906/994185122272251935,Joey Nic,282428409685213184
497877,(‚ïØ¬∞‚ñ°¬∞Ôºâ‚ïØÔ∏µ ‚îª‚îÅ‚îª,06/07/2022 10:16:47,https://discord.com/channels/994167372090966016/994167372942413906/994185137061367808,Joey Nic,282428409685213184
497877,hello (‚ïØ¬∞‚ñ°¬∞Ôºâ‚ïØÔ∏µ ‚îª‚îÅ‚îª,06/07/2022 10:16:56,https://discord.com/channels/994167372090966016/994167372942413906/994185175565090847,Joey Nic,282428409685213184
497877,/hello,06/07/2022 10:39:07,https://discord.com/channels/994167372090966016/994167372942413906/994190755260276816,Joey Nic,282428409685213184
497877,/hello,06/07/2022 12:09:18,https://discord.com/channels/994167372090966016/994167372942413906/994213453206139030,Joey Nic,282428409685213184
497877,/hello,07/07/2022 01:51:56,https://discord.com/channels/994167372090966016/994167372942413906/994420472483684412,Joey Nic,282428409685213184
0,Hello!,07/07/2022 01:59:07,https://discord.com/channels/994167372090966016/994167372942413906/994422282682368000,Robo-Joey,994062571265073172
0,Hello!,07/07/2022 01:59:44,https://discord.com/channels/994167372090966016/994167372942413906/994422437104066643,Robo-Joey,994062571265073172
0,Hello!,07/07/2022 02:11:00,https://discord.com/channels/994167372090966016/994167372942413906/994425271396618280,Robo-Joey,994062571265073172
0,"Hi, I am a bot written in python by Johannes (Joey) Nicholas <@282428409685213184>. 
Joey takes all responsibility for my actions. 
Contact: johannes.nicholas@utas.edu.au. 
View my source code: https://github.com/JohannesNicholas/RoboJoey",07/07/2022 02:15:12,https://discord.com/channels/994167372090966016/994167372942413906/994426329304928266,Robo-Joey,994062571265073172
0,Poll:,07/07/2022 02:29:55,https://discord.com/channels/994167372090966016/994167372942413906/994430032212660355,Robo-Joey,994062571265073172
0,You clicked the button!,07/07/2022 02:29:57,https://discord.com/channels/994167372090966016/994167372942413906/994430040420913212,Robo-Joey,994062571265073172
0,Poll:,07/07/2022 02:33:27,https://discord.com/channels/994167372090966016/994167372942413906/994430923544199279,Robo-Joey,994062571265073172
0,Awesome! I like Strawberry too!,07/07/2022 02:33:35,https://discord.com/channels/994167372090966016/994167372942413906/994430955072782476,Robo-Joey,994062571265073172
0,Awesome! I like Chocolate too!,07/07/2022 02:33:38,https://discord.com/channels/994167372090966016/994167372942413906/994430970382008350,Robo-Joey,994062571265073172
0,Awesome! I like Vanilla too!,07/07/2022 02:33:41,https://discord.com/channels/994167372090966016/994167372942413906/994430978925809724,Robo-Joey,994062571265073172
0,Awesome! I like Chocolate too!,07/07/2022 02:36:19,https://discord.com/channels/994167372090966016/994167372942413906/994431643416789042,Robo-Joey,994062571265073172
0,Poll:,07/07/2022 02:36:40,https://discord.com/channels/994167372090966016/994167372942413906/994431731333611520,Robo-Joey,994062571265073172
0,Poll:,07/07/2022 02:40:35,https://discord.com/channels/994167372090966016/994167372942413906/994432717481574450,Robo-Joey,994062571265073172
0,Poll:,07/07/2022 04:32:24,https://discord.com/channels/994167372090966016/994167372942413906/994460858749030420,Robo-Joey,994062571265073172
0,Awesome! I like 3 too!,07/07/2022 04:32:28,https://discord.com/channels/994167372090966016/994167372942413906/994460871877210112,Robo-Joey,994062571265073172
0,Awesome! I like 1 too!,07/07/2022 04:32:31,https://discord.com/channels/994167372090966016/994167372942413906/994460884422361089,Robo-Joey,994062571265073172
0,Awesome! I like 3 too!,07/07/2022 04:33:16,https://discord.com/channels/994167372090966016/994167372942413906/994461075036717106,Robo-Joey,994062571265073172
0,Poll:,07/07/2022 04:37:17,https://discord.com/channels/994167372090966016/994167372942413906/994462086111432724,Robo-Joey,994062571265073172
0,Awesome! I like 3 too!,07/07/2022 04:37:30,https://discord.com/channels/994167372090966016/994167372942413906/994462139962105867,Robo-Joey,994062571265073172
0,Poll:,07/07/2022 04:38:05,https://discord.com/channels/994167372090966016/994167372942413906/994462285756125227,Robo-Joey,994062571265073172
0,Awesome! I like 2 too!,07/07/2022 04:38:07,https://discord.com/channels/994167372090966016/994167372942413906/994462293922435104,Robo-Joey,994062571265073172
0,Awesome! I like 3 too!,07/07/2022 04:38:11,https://discord.com/channels/994167372090966016/994167372942413906/994462310582190101,Robo-Joey,994062571265073172
0,Poll:,07/07/2022 04:41:45,https://discord.com/channels/994167372090966016/994167372942413906/994463209350238248,Robo-Joey,994062571265073172
0,Awesome! I like 3 too!,07/07/2022 04:41:47,https://discord.com/channels/994167372090966016/994167372942413906/994463217466228767,Robo-Joey,994062571265073172
0,Awesome! I like 2 too!,07/07/2022 04:41:49,https://discord.com/channels/994167372090966016/994167372942413906/994463228149117019,Robo-Joey,994062571265073172
0,Awesome! I like 3 too!,07/07/2022 04:45:58,https://discord.com/channels/994167372090966016/994167372942413906/994464272832794734,Robo-Joey,994062571265073172
0,Awesome! I like 2 too!,07/07/2022 04:46:02,https://discord.com/channels/994167372090966016/994167372942413906/994464287185711104,Robo-Joey,994062571265073172
0,Awesome! I like 2 too!,07/07/2022 07:10:28,https://discord.com/channels/994167372090966016/994167372942413906/994500634546020432,Robo-Joey,994062571265073172
0,Awesome! I like 3 too!,07/07/2022 08:20:36,https://discord.com/channels/994167372090966016/994167372942413906/994518284500217936,Robo-Joey,994062571265073172
0,"Hi, I am a bot written in python by Johannes (Joey) Nicholas <@282428409685213184>. 
Joey takes all responsibility for my actions. 
Contact: johannes.nicholas@utas.edu.au. 
View my source code: https://github.com/JohannesNicholas/RoboJoey",07/07/2022 12:22:57,https://discord.com/channels/994167372090966016/994167372942413906/994579272847077376,Robo-Joey,994062571265073172
0,"Hi, I am a bot written in python by Johannes (Joey) Nicholas <@282428409685213184>. 
Joey takes all responsibility for my actions. 
Contact: johannes.nicholas@utas.edu.au. 
View my source code: https://github.com/JohannesNicholas/RoboJoey",07/07/2022 12:23:40,https://discord.com/channels/994167372090966016/994167372942413906/994579456695996518,Robo-Joey,994062571265073172
0,Poll:,07/07/2022 12:26:18,https://discord.com/channels/994167372090966016/994167372942413906/994580117475053568,Robo-Joey,994062571265073172
0,Awesome! I like no too!,07/07/2022 12:26:23,https://discord.com/channels/994167372090966016/994167372942413906/994580137213431808,Robo-Joey,994062571265073172
0,Awesome! I like yes too!,07/07/2022 12:26:26,https://discord.com/channels/994167372090966016/994167372942413906/994580152170315886,Robo-Joey,994062571265073172
0,Poll:,07/07/2022 12:34:13,https://discord.com/channels/994167372090966016/994167372942413906/994582109555527790,Robo-Joey,994062571265073172
0,Awesome! I like no too!,07/07/2022 12:34:17,https://discord.com/channels/994167372090966016/994167372942413906/994582125128994816,Robo-Joey,994062571265073172
0,Awesome! I like yes too!,07/07/2022 12:35:39,https://discord.com/channels/994167372090966016/994167372942413906/994582472518021151,Robo-Joey,994062571265073172
0,Awesome! I like no too!,07/07/2022 12:35:41,https://discord.com/channels/994167372090966016/994167372942413906/994582478666870944,Robo-Joey,994062571265073172
0,Poll:,07/07/2022 12:48:05,https://discord.com/channels/994167372090966016/994167372942413906/994585600013385750,Robo-Joey,994062571265073172
0,Awesome! I like  c too!,07/07/2022 12:48:08,https://discord.com/channels/994167372090966016/994167372942413906/994585614332739675,Robo-Joey,994062571265073172
0,Awesome! I like  b too!,07/07/2022 12:48:10,https://discord.com/channels/994167372090966016/994167372942413906/994585620682919997,Robo-Joey,994062571265073172
0,Awesome! I like a too!,07/07/2022 12:48:13,https://discord.com/channels/994167372090966016/994167372942413906/994585634935164998,Robo-Joey,994062571265073172
0,Poll:,07/07/2022 12:49:03,https://discord.com/channels/994167372090966016/994167372942413906/994585841940828200,Robo-Joey,994062571265073172
0,Poll:,07/07/2022 12:49:47,https://discord.com/channels/994167372090966016/994167372942413906/994586029141020672,Robo-Joey,994062571265073172
0,Awesome! I like üôã‚Äç‚ôÇÔ∏èüôã‚Äç‚ôÇÔ∏èüôã‚Äç‚ôÇÔ∏èüôã‚Äç‚ôÇÔ∏èüôã‚Äç‚ôÇÔ∏è too!,07/07/2022 12:49:52,https://discord.com/channels/994167372090966016/994167372942413906/994586048518692954,Robo-Joey,994062571265073172
0,Awesome! I like üì£üì£üì£üì£ too!,07/07/2022 12:49:55,https://discord.com/channels/994167372090966016/994167372942413906/994586062255046736,Robo-Joey,994062571265073172
0,Poll:,07/07/2022 12:52:20,https://discord.com/channels/994167372090966016/994167372942413906/994586667459563570,Robo-Joey,994062571265073172
0,Awesome! I like üëç  test too!,07/07/2022 12:52:23,https://discord.com/channels/994167372090966016/994167372942413906/994586682680688700,Robo-Joey,994062571265073172
0,Poll:,07/07/2022 12:52:43,https://discord.com/channels/994167372090966016/994167372942413906/994586767875383348,Robo-Joey,994062571265073172
0,Poll:,07/07/2022 12:53:21,https://discord.com/channels/994167372090966016/994167372942413906/994586924863991919,Robo-Joey,994062571265073172
0,Awesome! I like üì£ test:1234 too!,07/07/2022 12:53:30,https://discord.com/channels/994167372090966016/994167372942413906/994586962113601630,Robo-Joey,994062571265073172
0,"Hi, I am a bot written in python by Johannes (Joey) Nicholas <@282428409685213184>. 
Joey takes all responsibility for my actions. 
Contact: johannes.nicholas@utas.edu.au. 
View my source code: https://github.com/JohannesNicholas/RoboJoey",07/07/2022 13:03:17,https://discord.com/channels/994167372090966016/994167372942413906/994589425956827277,Robo-Joey,994062571265073172
0,"Hi, I am a bot written in python by Johannes (Joey) Nicholas <@282428409685213184>. 
Joey takes all responsibility for my actions. 
Contact: johannes.nicholas@utas.edu.au. 
View my source code: https://github.com/JohannesNicholas/RoboJoey",07/07/2022 13:10:31,https://discord.com/channels/994167372090966016/994167372942413906/994591245626265630,Robo-Joey,994062571265073172
0,"Hi, I am a bot written in python by Johannes (Joey) Nicholas <@282428409685213184>. 
Joey takes all responsibility for my actions. 
Contact: johannes.nicholas@utas.edu.au. 
View my source code: https://github.com/JohannesNicholas/RoboJoey",07/07/2022 13:13:43,https://discord.com/channels/994167372090966016/994167372942413906/994592051528204408,Robo-Joey,994062571265073172
0,Poll:,07/07/2022 13:16:58,https://discord.com/channels/994167372090966016/994167372942413906/994592868226314240,Robo-Joey,994062571265073172
0,Awesome! I like no too!,07/07/2022 13:17:01,https://discord.com/channels/994167372090966016/994167372942413906/994592882755375115,Robo-Joey,994062571265073172
0,Awesome! I like yes too!,07/07/2022 13:17:04,https://discord.com/channels/994167372090966016/994167372942413906/994592893085945966,Robo-Joey,994062571265073172
0,Poll:,07/07/2022 13:19:40,https://discord.com/channels/994167372090966016/994167372942413906/994593547334459434,Robo-Joey,994062571265073172
0,Awesome! I like c too!,07/07/2022 13:19:50,https://discord.com/channels/994167372090966016/994167372942413906/994593590133133312,Robo-Joey,994062571265073172
0,Awesome! I like a too!,07/07/2022 13:20:39,https://discord.com/channels/994167372090966016/994167372942413906/994593797038153729,Robo-Joey,994062571265073172
0,Awesome! I like b too!,07/07/2022 13:20:43,https://discord.com/channels/994167372090966016/994167372942413906/994593813639204914,Robo-Joey,994062571265073172
0,Awesome! I like c too!,07/07/2022 13:20:45,https://discord.com/channels/994167372090966016/994167372942413906/994593822409502752,Robo-Joey,994062571265073172
0,Poll:,07/07/2022 13:27:05,https://discord.com/channels/994167372090966016/994167372942413906/994595416064663623,Robo-Joey,994062571265073172
0,Poll:,07/07/2022 13:29:30,https://discord.com/channels/994167372090966016/994167372942413906/994596022892380190,Robo-Joey,994062571265073172
0,Poll:,07/07/2022 13:33:29,https://discord.com/channels/994167372090966016/994167372942413906/994597025737883729,Robo-Joey,994062571265073172
0,Awesome! I like ab too!,07/07/2022 13:33:32,https://discord.com/channels/994167372090966016/994167372942413906/994597039243538442,Robo-Joey,994062571265073172
0,Awesome! I like cd too!,07/07/2022 13:33:34,https://discord.com/channels/994167372090966016/994167372942413906/994597045841182732,Robo-Joey,994062571265073172
0,Poll:,07/07/2022 13:38:21,https://discord.com/channels/994167372090966016/994167372942413906/994598251695185920,Robo-Joey,994062571265073172
0,Poll:,07/07/2022 13:42:07,https://discord.com/channels/994167372090966016/994167372942413906/994599196558635009,Robo-Joey,994062571265073172
0,Poll:,07/07/2022 13:44:03,https://discord.com/channels/994167372090966016/994167372942413906/994599682493915238,Robo-Joey,994062571265073172
0,Awesome! I like c too!,07/07/2022 13:44:05,https://discord.com/channels/994167372090966016/994167372942413906/994599690794451084,Robo-Joey,994062571265073172
0,Poll:,07/07/2022 13:45:34,https://discord.com/channels/994167372090966016/994167372942413906/994600065178030142,Robo-Joey,994062571265073172
0,Poll:,07/07/2022 13:47:48,https://discord.com/channels/994167372090966016/994167372942413906/994600627273474159,Robo-Joey,994062571265073172
0,Poll:,07/07/2022 13:52:59,https://discord.com/channels/994167372090966016/994167372942413906/994601933157449828,Robo-Joey,994062571265073172
0,Awesome! I like 1 too!,07/07/2022 13:54:09,https://discord.com/channels/994167372090966016/994167372942413906/994602227484344370,Robo-Joey,994062571265073172
0,Awesome! I like 0 too!,07/07/2022 13:54:13,https://discord.com/channels/994167372090966016/994167372942413906/994602242579640360,Robo-Joey,994062571265073172
0,Poll:,07/07/2022 14:05:38,https://discord.com/channels/994167372090966016/994167372942413906/994605114952261753,Robo-Joey,994062571265073172
0,Awesome! I like 2 too!,07/07/2022 14:05:42,https://discord.com/channels/994167372090966016/994167372942413906/994605130924171355,Robo-Joey,994062571265073172
0,Awesome! I like 0 too!,07/07/2022 14:05:43,https://discord.com/channels/994167372090966016/994167372942413906/994605137630867589,Robo-Joey,994062571265073172
0,Poll:,07/07/2022 14:07:14,https://discord.com/channels/994167372090966016/994167372942413906/994605520105259120,Robo-Joey,994062571265073172
0,Poll:,07/07/2022 14:08:53,https://discord.com/channels/994167372090966016/994167372942413906/994605935542669373,Robo-Joey,994062571265073172
0,Awesome! I like 2 too!,07/07/2022 14:09:08,https://discord.com/channels/994167372090966016/994167372942413906/994605994632040468,Robo-Joey,994062571265073172
0,Awesome! I like 1 too!,07/07/2022 14:09:11,https://discord.com/channels/994167372090966016/994167372942413906/994606009182081184,Robo-Joey,994062571265073172
0,Poll:,07/07/2022 14:11:23,https://discord.com/channels/994167372090966016/994167372942413906/994606561160867900,Robo-Joey,994062571265073172
0,Awesome! I like c too!,07/07/2022 14:11:25,https://discord.com/channels/994167372090966016/994167372942413906/994606570887450705,Robo-Joey,994062571265073172
0,Awesome! I like a too!,07/07/2022 14:11:28,https://discord.com/channels/994167372090966016/994167372942413906/994606581981384775,Robo-Joey,994062571265073172
0,Awesome! I like b too!,07/07/2022 14:13:39,https://discord.com/channels/994167372090966016/994167372942413906/994607132559298660,Robo-Joey,994062571265073172
0,Awesome! I like c too!,07/07/2022 14:13:42,https://discord.com/channels/994167372090966016/994167372942413906/994607145469349918,Robo-Joey,994062571265073172
0,Poll:,07/07/2022 14:17:24,https://discord.com/channels/994167372090966016/994167372942413906/994608079113035856,Robo-Joey,994062571265073172
0,Awesome! I like b too!,07/07/2022 14:17:28,https://discord.com/channels/994167372090966016/994167372942413906/994608092882931832,Robo-Joey,994062571265073172
0,Awesome! I like a too!,07/07/2022 14:17:30,https://discord.com/channels/994167372090966016/994167372942413906/994608100571086920,Robo-Joey,994062571265073172
0,Poll:,07/07/2022 14:27:16,https://discord.com/channels/994167372090966016/994167372942413906/994610561084031087,Robo-Joey,994062571265073172
0,Awesome! I like 1 2022-07-08 00:27:16.373755 too!,07/07/2022 14:27:23,https://discord.com/channels/994167372090966016/994167372942413906/994610589047472128,Robo-Joey,994062571265073172
0,Awesome! I like 0 2022-07-08 00:27:16.373755 too!,07/07/2022 14:27:26,https://discord.com/channels/994167372090966016/994167372942413906/994610601106100264,Robo-Joey,994062571265073172
0,Poll:,07/07/2022 14:27:50,https://discord.com/channels/994167372090966016/994167372942413906/994610701429641286,Robo-Joey,994062571265073172
0,Awesome! I like 1 2022-07-08 00:27:49.732728 too!,07/07/2022 14:28:15,https://discord.com/channels/994167372090966016/994167372942413906/994610808170479636,Robo-Joey,994062571265073172
0,Awesome! I like 1 2022-07-08 00:27:16.373755 too!,07/07/2022 14:28:21,https://discord.com/channels/994167372090966016/994167372942413906/994610834808520774,Robo-Joey,994062571265073172
0,Poll:,07/07/2022 14:30:04,https://discord.com/channels/994167372090966016/994167372942413906/994611264431075440,Robo-Joey,994062571265073172
0,"Hi, I am a bot written in python by Johannes (Joey) Nicholas <@282428409685213184>. 
Joey takes all responsibility for my actions. 
Contact: johannes.nicholas@utas.edu.au. 
View my source code: https://github.com/JohannesNicholas/RoboJoey",07/07/2022 14:32:21,https://discord.com/channels/994167372090966016/994167372942413906/994611840246087751,Robo-Joey,994062571265073172
0,Poll:,07/07/2022 14:33:00,https://discord.com/channels/994167372090966016/994167372942413906/994612003253526579,Robo-Joey,994062571265073172
0,Poll:,07/07/2022 14:34:40,https://discord.com/channels/994167372090966016/994167372942413906/994612421048152094,Robo-Joey,994062571265073172
0,Awesome! I like 1 too!,07/07/2022 14:34:43,https://discord.com/channels/994167372090966016/994167372942413906/994612433924669440,Robo-Joey,994062571265073172
0,Awesome! I like 0 too!,07/07/2022 14:34:44,https://discord.com/channels/994167372090966016/994167372942413906/994612440283238481,Robo-Joey,994062571265073172
0,Poll:,07/07/2022 14:34:55,https://discord.com/channels/994167372090966016/994167372942413906/994612485376188598,Robo-Joey,994062571265073172
0,Awesome! I like 1 too!,07/07/2022 14:35:29,https://discord.com/channels/994167372090966016/994167372942413906/994612629270167594,Robo-Joey,994062571265073172
0,Awesome! I like 1 too!,07/07/2022 14:35:35,https://discord.com/channels/994167372090966016/994167372942413906/994612653186097223,Robo-Joey,994062571265073172
0,Awesome! I like 0 too!,07/07/2022 14:37:01,https://discord.com/channels/994167372090966016/994167372942413906/994613011815874672,Robo-Joey,994062571265073172
0,Poll:,07/07/2022 14:38:39,https://discord.com/channels/994167372090966016/994167372942413906/994613423910424596,Robo-Joey,994062571265073172
0,Awesome! I like 1 too!,07/07/2022 14:38:43,https://discord.com/channels/994167372090966016/994167372942413906/994613443506208808,Robo-Joey,994062571265073172
0,Awesome! I like 2 too!,07/07/2022 14:38:49,https://discord.com/channels/994167372090966016/994167372942413906/994613468269391953,Robo-Joey,994062571265073172
0,Poll:,07/07/2022 14:39:16,https://discord.com/channels/994167372090966016/994167372942413906/994613578172731402,Robo-Joey,994062571265073172
0,Awesome! I like 1 too!,07/07/2022 14:39:21,https://discord.com/channels/994167372090966016/994167372942413906/994613601358856253,Robo-Joey,994062571265073172
0,Awesome! I like 0 too!,07/07/2022 14:39:23,https://discord.com/channels/994167372090966016/994167372942413906/994613607285403762,Robo-Joey,994062571265073172
497877,<:python:994613676545933312>,07/07/2022 14:39:51,https://discord.com/channels/994167372090966016/994167372942413906/994613728832127046,Joey Nic,282428409685213184
0,Poll:,07/07/2022 14:40:17,https://discord.com/channels/994167372090966016/994167372942413906/994613834583134289,Robo-Joey,994062571265073172
0,Awesome! I like 0 too!,07/07/2022 14:40:21,https://discord.com/channels/994167372090966016/994167372942413906/994613854665449542,Robo-Joey,994062571265073172
0,Awesome! I like 1 too!,07/07/2022 14:40:26,https://discord.com/channels/994167372090966016/994167372942413906/994613871518175374,Robo-Joey,994062571265073172
0,Poll:,07/07/2022 14:43:02,https://discord.com/channels/994167372090966016/994167372942413906/994614529482821713,Robo-Joey,994062571265073172
0,Awesome! I like 1 too!,07/07/2022 14:43:09,https://discord.com/channels/994167372090966016/994167372942413906/994614557148446832,Robo-Joey,994062571265073172
0,Awesome! I like 1 too!,07/07/2022 15:03:30,https://discord.com/channels/994167372090966016/994167372942413906/994615530772254840,Robo-Joey,994062571265073172
0,Awesome! I like 1 too!,07/07/2022 14:47:05,https://discord.com/channels/994167372090966016/994167372942413906/994615548526731294,Robo-Joey,994062571265073172
0,Awesome! I like 0 too!,07/07/2022 14:47:59,https://discord.com/channels/994167372090966016/994167372942413906/994615774100603000,Robo-Joey,994062571265073172
0,Awesome! I like 0 too!,07/07/2022 14:48:04,https://discord.com/channels/994167372090966016/994167372942413906/994615795084709968,Robo-Joey,994062571265073172
0,Awesome! I like 1 too!,07/07/2022 15:18:38,https://discord.com/channels/994167372090966016/994167372942413906/994623477413855365,Robo-Joey,994062571265073172
0,Do you agree?,07/07/2022 15:24:50,https://discord.com/channels/994167372090966016/994167372942413906/994625049011159110,Robo-Joey,994062571265073172
0,Do you agree?,07/07/2022 15:25:32,https://discord.com/channels/994167372090966016/994167372942413906/994625223263518845,Robo-Joey,994062571265073172
0,Do you agree?,07/07/2022 15:27:28,https://discord.com/channels/994167372090966016/994167372942413906/994625709978947665,Robo-Joey,994062571265073172
0,Results:,07/07/2022 15:27:28,https://discord.com/channels/994167372090966016/994167372942413906/994625711954481262,Robo-Joey,994062571265073172
0,Do you agree?,07/07/2022 15:45:21,https://discord.com/channels/994167372090966016/994167372942413906/994630211507339285,Robo-Joey,994062571265073172
0,Do you agree?,07/07/2022 15:45:42,https://discord.com/channels/994167372090966016/994167372942413906/994630297784164373,Robo-Joey,994062571265073172
0,Results:,07/07/2022 15:45:42,https://discord.com/channels/994167372090966016/994167372942413906/994630299080196156,Robo-Joey,994062571265073172
0,Do you agree?,07/07/2022 15:46:52,https://discord.com/channels/994167372090966016/994167372942413906/994630590630477885,Robo-Joey,994062571265073172
0,Do you agree?,07/07/2022 15:48:17,https://discord.com/channels/994167372090966016/994167372942413906/994630949277020180,Robo-Joey,994062571265073172
0,Do you agree?,07/07/2022 15:49:52,https://discord.com/channels/994167372090966016/994167372942413906/994631347287101441,Robo-Joey,994062571265073172
0,Do you agree?,07/07/2022 15:51:23,https://discord.com/channels/994167372090966016/994167372942413906/994631730185113721,Robo-Joey,994062571265073172
0,Do you agree?,07/07/2022 15:52:04,https://discord.com/channels/994167372090966016/994167372942413906/994631902533259374,Robo-Joey,994062571265073172
0,Results:,07/07/2022 15:52:05,https://discord.com/channels/994167372090966016/994167372942413906/994631904273895454,Robo-Joey,994062571265073172
0,Do you agree?,07/07/2022 15:52:21,https://discord.com/channels/994167372090966016/994167372942413906/994631973320528013,Robo-Joey,994062571265073172
0,Results:,07/07/2022 15:52:22,https://discord.com/channels/994167372090966016/994167372942413906/994631975027613737,Robo-Joey,994062571265073172
0,Do you agree?,07/07/2022 15:54:08,https://discord.com/channels/994167372090966016/994167372942413906/994632422769578114,Robo-Joey,994062571265073172
0,Do you agree?,07/07/2022 15:54:47,https://discord.com/channels/994167372090966016/994167372942413906/994632583226863676,Robo-Joey,994062571265073172
0,Do you agree?,08/07/2022 00:50:34,https://discord.com/channels/994167372090966016/994167372942413906/994767418247368744,Robo-Joey,994062571265073172
0,Results:,08/07/2022 00:50:34,https://discord.com/channels/994167372090966016/994167372942413906/994767419606310942,Robo-Joey,994062571265073172
0,Do you agree?,08/07/2022 00:51:18,https://discord.com/channels/994167372090966016/994167372942413906/994767601290985513,Robo-Joey,994062571265073172
0,Results:,08/07/2022 00:51:18,https://discord.com/channels/994167372090966016/994167372942413906/994767602633166929,Robo-Joey,994062571265073172
0,Do you agree?,08/07/2022 00:54:36,https://discord.com/channels/994167372090966016/994167372942413906/994768434644648036,Robo-Joey,994062571265073172
0,Results:,08/07/2022 00:54:37,https://discord.com/channels/994167372090966016/994167372942413906/994768436100075602,Robo-Joey,994062571265073172
0,Do you agree?,08/07/2022 00:54:46,https://discord.com/channels/994167372090966016/994167372942413906/994768473559404674,Robo-Joey,994062571265073172
0,Results:,08/07/2022 00:54:46,https://discord.com/channels/994167372090966016/994167372942413906/994768475073548289,Robo-Joey,994062571265073172
0,Do you agree?,08/07/2022 00:56:59,https://discord.com/channels/994167372090966016/994167372942413906/994769035268993054,Robo-Joey,994062571265073172
0,Results:,08/07/2022 00:57:00,https://discord.com/channels/994167372090966016/994167372942413906/994769039664631878,Robo-Joey,994062571265073172
0,Do you agree?,08/07/2022 00:58:16,https://discord.com/channels/994167372090966016/994167372942413906/994769356573651015,Robo-Joey,994062571265073172
0,Results:,08/07/2022 00:58:16,https://discord.com/channels/994167372090966016/994167372942413906/994769357957775430,Robo-Joey,994062571265073172
0,Do you agree?,08/07/2022 00:58:58,https://discord.com/channels/994167372090966016/994167372942413906/994769534550540391,Robo-Joey,994062571265073172
0,Results:,08/07/2022 00:58:59,https://discord.com/channels/994167372090966016/994167372942413906/994769536463151165,Robo-Joey,994062571265073172
0,Do you agree?,08/07/2022 01:00:07,https://discord.com/channels/994167372090966016/994167372942413906/994769823399686305,Robo-Joey,994062571265073172
0,Results:,08/07/2022 01:00:08,https://discord.com/channels/994167372090966016/994167372942413906/994769826218250241,Robo-Joey,994062571265073172
0,Do you agree?,08/07/2022 01:03:32,https://discord.com/channels/994167372090966016/994167372942413906/994770681323593739,Robo-Joey,994062571265073172
0,Results:,08/07/2022 01:03:32,https://discord.com/channels/994167372090966016/994167372942413906/994770683231993936,Robo-Joey,994062571265073172
0,Do you agree?,08/07/2022 01:04:09,https://discord.com/channels/994167372090966016/994167372942413906/994770836407984169,Robo-Joey,994062571265073172
0,Results:,08/07/2022 01:04:09,https://discord.com/channels/994167372090966016/994167372942413906/994770838266052628,Robo-Joey,994062571265073172
0,"a,b,c",08/07/2022 01:04:59,https://discord.com/channels/994167372090966016/994167372942413906/994771047347916911,Robo-Joey,994062571265073172
0,Results:,08/07/2022 01:04:59,https://discord.com/channels/994167372090966016/994167372942413906/994771048706879518,Robo-Joey,994062571265073172
0,Hello workd!!!,08/07/2022 02:21:43,https://discord.com/channels/994167372090966016/994167372942413906/994790358636580925,Robo-Joey,994062571265073172
0,Hello,08/07/2022 02:24:29,https://discord.com/channels/994167372090966016/994167372942413906/994791054459015188,Robo-Joey,994062571265073172
0,What's up my dudes!???,08/07/2022 02:24:57,https://discord.com/channels/994167372090966016/994167372942413906/994791169580073040,Robo-Joey,994062571265073172
0,Do you agree?,08/07/2022 02:25:25,https://discord.com/channels/994167372090966016/994167372942413906/994791286471131137,Robo-Joey,994062571265073172
0,Results:,08/07/2022 02:25:25,https://discord.com/channels/994167372090966016/994167372942413906/994791288115298324,Robo-Joey,994062571265073172
0,Do you agree?,08/07/2022 04:39:48,https://discord.com/channels/994167372090966016/994167372942413906/994825107778326650,Robo-Joey,994062571265073172
0,Results:,08/07/2022 04:39:48,https://discord.com/channels/994167372090966016/994167372942413906/994825109158248448,Robo-Joey,994062571265073172
0,Do you agree?,08/07/2022 04:41:47,https://discord.com/channels/994167372090966016/994167372942413906/994825606845972570,Robo-Joey,994062571265073172
0,Results:,08/07/2022 04:41:47,https://discord.com/channels/994167372090966016/994167372942413906/994825608196526201,Robo-Joey,994062571265073172
0,Do you agree?,08/07/2022 04:44:52,https://discord.com/channels/994167372090966016/994167372942413906/994826381181591633,Robo-Joey,994062571265073172
0,Results:,08/07/2022 04:44:52,https://discord.com/channels/994167372090966016/994167372942413906/994826382687346802,Robo-Joey,994062571265073172
0,Do you agree?,08/07/2022 04:46:57,https://discord.com/channels/994167372090966016/994167372942413906/994826906245537844,Robo-Joey,994062571265073172
0,Results:,08/07/2022 04:46:57,https://discord.com/channels/994167372090966016/994167372942413906/994826908074258443,Robo-Joey,994062571265073172
0,Do you agree?,08/07/2022 04:56:29,https://discord.com/channels/994167372090966016/994167372942413906/994829306381471765,Robo-Joey,994062571265073172
0,Results:,08/07/2022 04:56:30,https://discord.com/channels/994167372090966016/994167372942413906/994829308252127322,Robo-Joey,994062571265073172
0,Do you agree?,08/07/2022 05:07:38,https://discord.com/channels/994167372090966016/994167372942413906/994832113541058612,Robo-Joey,994062571265073172
0,Results:,08/07/2022 05:07:39,https://discord.com/channels/994167372090966016/994167372942413906/994832115483029545,Robo-Joey,994062571265073172
0,Do you agree?,08/07/2022 05:12:54,https://discord.com/channels/994167372090966016/994167372942413906/994833436625866772,Robo-Joey,994062571265073172
0,Results:,08/07/2022 05:12:54,https://discord.com/channels/994167372090966016/994167372942413906/994833438215512095,Robo-Joey,994062571265073172
0,Do you agree?,08/07/2022 05:13:58,https://discord.com/channels/994167372090966016/994167372942413906/994833704709001247,Robo-Joey,994062571265073172
0,Results:,08/07/2022 05:13:59,https://discord.com/channels/994167372090966016/994167372942413906/994833707703738368,Robo-Joey,994062571265073172
0,Do you agree?,08/07/2022 05:15:28,https://discord.com/channels/994167372090966016/994167372942413906/994834081529471046,Robo-Joey,994062571265073172
0,Results:,08/07/2022 05:15:28,https://discord.com/channels/994167372090966016/994167372942413906/994834084914270270,Robo-Joey,994062571265073172
0,Do you agree?,08/07/2022 05:17:13,https://discord.com/channels/994167372090966016/994167372942413906/994834525123260487,Robo-Joey,994062571265073172
0,Results:,08/07/2022 05:17:14,https://discord.com/channels/994167372090966016/994167372942413906/994834526989725747,Robo-Joey,994062571265073172
0,Do you agree?,08/07/2022 05:18:33,https://discord.com/channels/994167372090966016/994167372942413906/994834858524299294,Robo-Joey,994062571265073172
0,Results:,08/07/2022 05:18:33,https://discord.com/channels/994167372090966016/994167372942413906/994834859853873273,Robo-Joey,994062571265073172
0,Do you agree?,08/07/2022 05:19:49,https://discord.com/channels/994167372090966016/994167372942413906/994835177798893579,Robo-Joey,994062571265073172
0,Results:,08/07/2022 05:19:49,https://discord.com/channels/994167372090966016/994167372942413906/994835179388551199,Robo-Joey,994062571265073172
0,Do you agree?,08/07/2022 05:20:53,https://discord.com/channels/994167372090966016/994167372942413906/994835445903020082,Robo-Joey,994062571265073172
0,Results:,08/07/2022 05:20:53,https://discord.com/channels/994167372090966016/994167372942413906/994835447383605248,Robo-Joey,994062571265073172
0,Do you agree?,08/07/2022 05:21:47,https://discord.com/channels/994167372090966016/994167372942413906/994835674614206485,Robo-Joey,994062571265073172
0,Results:,08/07/2022 05:21:48,https://discord.com/channels/994167372090966016/994167372942413906/994835676031881306,Robo-Joey,994062571265073172
0,Do you agree?,08/07/2022 05:25:25,https://discord.com/channels/994167372090966016/994167372942413906/994836586317484123,Robo-Joey,994062571265073172
0,Results:,08/07/2022 05:25:25,https://discord.com/channels/994167372090966016/994167372942413906/994836587949068338,Robo-Joey,994062571265073172
0,Do you agree?,08/07/2022 05:25:58,https://discord.com/channels/994167372090966016/994167372942413906/994836725090222221,Robo-Joey,994062571265073172
0,Results:,08/07/2022 05:25:59,https://discord.com/channels/994167372090966016/994167372942413906/994836727543890031,Robo-Joey,994062571265073172
0,Do you agree?,08/07/2022 05:26:58,https://discord.com/channels/994167372090966016/994167372942413906/994836976442286170,Robo-Joey,994062571265073172
0,Results:,08/07/2022 05:26:58,https://discord.com/channels/994167372090966016/994167372942413906/994836978765942804,Robo-Joey,994062571265073172
0,Do you agree?,08/07/2022 05:34:27,https://discord.com/channels/994167372090966016/994167372942413906/994838858757840917,Robo-Joey,994062571265073172
0,Results:,08/07/2022 05:34:27,https://discord.com/channels/994167372090966016/994167372942413906/994838860699807814,Robo-Joey,994062571265073172
0,0.2243284000000001ms,08/07/2022 06:07:20,https://discord.com/channels/994167372090966016/994167372942413906/994847136061603850,Robo-Joey,994062571265073172
0,225ms,08/07/2022 06:10:31,https://discord.com/channels/994167372090966016/994167372942413906/994847935458201642,Robo-Joey,994062571265073172
0,Do you agree?,08/07/2022 06:18:21,https://discord.com/channels/994167372090966016/994167372942413906/994849909108908062,Robo-Joey,994062571265073172
0,Results:,08/07/2022 06:18:22,https://discord.com/channels/994167372090966016/994167372942413906/994849911059251230,Robo-Joey,994062571265073172
0,Do you agree?,08/07/2022 06:18:46,https://discord.com/channels/994167372090966016/994167372942413906/994850013916168233,Robo-Joey,994062571265073172
0,"Results: 

Yes

No",08/07/2022 06:18:47,https://discord.com/channels/994167372090966016/994167372942413906/994850016000737280,Robo-Joey,994062571265073172
0,Do you agree?,08/07/2022 06:20:15,https://discord.com/channels/994167372090966016/994167372942413906/994850384638128198,Robo-Joey,994062571265073172
0,"Yes
No",08/07/2022 06:20:15,https://discord.com/channels/994167372090966016/994167372942413906/994850385871253536,Robo-Joey,994062571265073172
0,Test,08/07/2022 06:21:04,https://discord.com/channels/994167372090966016/994167372942413906/994850592449122364,Robo-Joey,994062571265073172
0,"üîµa
üìòb
‚ÑπÔ∏èc",08/07/2022 06:21:04,https://discord.com/channels/994167372090966016/994167372942413906/994850593480908912,Robo-Joey,994062571265073172
0,Do you agree?,08/07/2022 06:22:37,https://discord.com/channels/994167372090966016/994167372942413906/994850983580545074,Robo-Joey,994062571265073172
0,"0 - Yes
0 - No",08/07/2022 06:22:38,https://discord.com/channels/994167372090966016/994167372942413906/994850984931098675,Robo-Joey,994062571265073172
0,Favorite language,08/07/2022 06:24:20,https://discord.com/channels/994167372090966016/994167372942413906/994851411877707786,Robo-Joey,994062571265073172
0,"0 - üëç js
0 - <:python:994613676545933312> py
0 - ü´êts",08/07/2022 06:24:20,https://discord.com/channels/994167372090966016/994167372942413906/994851413014351933,Robo-Joey,994062571265073172
0,Do you agree?,08/07/2022 06:51:50,https://discord.com/channels/994167372090966016/994167372942413906/994858332672241674,Robo-Joey,994062571265073172
0,"0 - Yes
0 - No",08/07/2022 06:51:50,https://discord.com/channels/994167372090966016/994167372942413906/994858333997629510,Robo-Joey,994062571265073172
0,Do you agree?,08/07/2022 06:54:34,https://discord.com/channels/994167372090966016/994167372942413906/994859020772986890,Robo-Joey,994062571265073172
0,"0 - Yes
0 - No",08/07/2022 06:54:34,https://discord.com/channels/994167372090966016/994167372942413906/994859022576529438,Robo-Joey,994062571265073172
0,Do you agree?,08/07/2022 06:55:34,https://discord.com/channels/994167372090966016/994167372942413906/994859275384016906,Robo-Joey,994062571265073172
0,"0 - Yes
0 - No",08/07/2022 06:55:35,https://discord.com/channels/994167372090966016/994167372942413906/994859276898160681,Robo-Joey,994062571265073172
0,Do you agree?,08/07/2022 06:57:22,https://discord.com/channels/994167372090966016/994167372942413906/994859727806799902,Robo-Joey,994062571265073172
0,"0 - Yes
0 - No",08/07/2022 06:57:23,https://discord.com/channels/994167372090966016/994167372942413906/994859729333522462,Robo-Joey,994062571265073172
0,Do you agree?,08/07/2022 07:00:50,https://discord.com/channels/994167372090966016/994167372942413906/994860599286693949,Robo-Joey,994062571265073172
0,"0 - Yes
0 - No
1
0
1",08/07/2022 07:02:22,https://discord.com/channels/994167372090966016/994167372942413906/994860600905699328,Robo-Joey,994062571265073172
0,Do you agree?,08/07/2022 07:10:19,https://discord.com/channels/994167372090966016/994167372942413906/994862987133325382,Robo-Joey,994062571265073172
0,"0 - Yes
0 - No",08/07/2022 07:10:20,https://discord.com/channels/994167372090966016/994167372942413906/994862988517457920,Robo-Joey,994062571265073172
0,Do you agree?,08/07/2022 07:10:56,https://discord.com/channels/994167372090966016/994167372942413906/994863140636467281,Robo-Joey,994062571265073172
0,"0 - Yes
0 - No",08/07/2022 07:10:56,https://discord.com/channels/994167372090966016/994167372942413906/994863142096085002,Robo-Joey,994062571265073172
0,Do you agree?,08/07/2022 07:11:31,https://discord.com/channels/994167372090966016/994167372942413906/994863287118336010,Robo-Joey,994062571265073172
0,"0 - Yes
0 - No",08/07/2022 07:11:31,https://discord.com/channels/994167372090966016/994167372942413906/994863288787664976,Robo-Joey,994062571265073172
0,Do you agree?,08/07/2022 07:12:54,https://discord.com/channels/994167372090966016/994167372942413906/994863637355298907,Robo-Joey,994062571265073172
0,"0 - Yes
‚ñà 1 - No",08/07/2022 07:38:22,https://discord.com/channels/994167372090966016/994167372942413906/994863638844289146,Robo-Joey,994062571265073172
0,38ms,08/07/2022 07:38:07,https://discord.com/channels/994167372090966016/994167372942413906/994869982204809246,Robo-Joey,994062571265073172
0,38ms,08/07/2022 07:38:11,https://discord.com/channels/994167372090966016/994167372942413906/994870000303226930,Robo-Joey,994062571265073172
0,Fav Lang,08/07/2022 07:43:45,https://discord.com/channels/994167372090966016/994167372942413906/994871397920821320,Robo-Joey,994062571265073172
0,"‚ñà 1 - ‚≠êjs
0 - <:python:994613676545933312> py
0 - ü´êts",10/07/2022 18:58:33,https://discord.com/channels/994167372090966016/994167372942413906/994871398986154025,Robo-Joey,994062571265073172
0,39ms,08/07/2022 08:29:31,https://discord.com/channels/994167372090966016/994167372942413906/994882916364603483,Robo-Joey,994062571265073172
0,40ms,10/07/2022 18:58:49,https://discord.com/channels/994167372090966016/994167372942413906/995766060521373776,Robo-Joey,994062571265073172
0,"Hi, I am a bot written in python by Johannes (Joey) Nicholas <@282428409685213184>. 
Joey takes all responsibility for my actions. 
Contact: johannes.nicholas@utas.edu.au. 
View my source code: https://github.com/JohannesNicholas/RoboJoey",11/07/2022 06:13:54,https://discord.com/channels/994167372090966016/994167372942413906/995935952600055878,Robo-Joey,994062571265073172
0,,11/07/2022 06:52:39,https://discord.com/channels/994167372090966016/994167372942413906/995945703073403040,Robo-Joey-Development,995939851125932072
0,"Hi, I am a bot written in python by Johannes (Joey) Nicholas <@282428409685213184>. 
Joey takes all responsibility for my actions. 
Contact: johannes.nicholas@utas.edu.au. 
View my source code: https://github.com/JohannesNicholas/RoboJoey",11/07/2022 06:57:11,https://discord.com/channels/994167372090966016/994167372942413906/995946845064929420,Robo-Joey-Development,995939851125932072
497877,okay here we go,12/07/2022 00:53:41,https://discord.com/channels/994167372090966016/994167372942413906/996217754677936258,Joey Nic,282428409685213184
497877,asdf,12/07/2022 01:07:58,https://discord.com/channels/994167372090966016/994167372942413906/996221347577475143,Joey Nic,282428409685213184
497877,s,12/07/2022 01:16:29,https://discord.com/channels/994167372090966016/994167372942413906/996223494167724032,Joey Nic,282428409685213184
497877,d,12/07/2022 01:17:06,https://discord.com/channels/994167372090966016/994167372942413906/996223646790062171,Joey Nic,282428409685213184
497877,d,12/07/2022 02:52:54,https://discord.com/channels/994167372090966016/994167372942413906/996247756463145030,Joey Nic,282428409685213184
0,Please enter your student id:,12/07/2022 02:52:54,https://discord.com/channels/994167372090966016/994167372942413906/996247757838884965,Robo-Joey-Development,995939851125932072
497877,d,12/07/2022 02:56:35,https://discord.com/channels/994167372090966016/994167372942413906/996248682796159056,Joey Nic,282428409685213184
0,"Thank you <@282428409685213184> for your check in! 
    I don't seem to have your student ID in my database. 
    Please enter your student ID in the textbox, and press okay. 
    (This information will be kept private)",12/07/2022 02:56:35,https://discord.com/channels/994167372090966016/994167372942413906/996248684331278417,Robo-Joey-Development,995939851125932072
497877,f,12/07/2022 02:57:02,https://discord.com/channels/994167372090966016/994167372942413906/996248798496030761,Joey Nic,282428409685213184
0,"Thank you <@282428409685213184> for your check in! 
I don't seem to have your student ID in my database yet. 
Please enter your student ID in the textbox, and press okay. 
(This information will be kept private)",12/07/2022 02:57:03,https://discord.com/channels/994167372090966016/994167372942413906/996248800375083049,Robo-Joey-Development,995939851125932072
497877,g,12/07/2022 02:57:59,https://discord.com/channels/994167372090966016/994167372942413906/996249036690559106,Joey Nic,282428409685213184
0,"Thank you <@282428409685213184> for your check in! 
I don't seem to have your student ID in my database yet. 
Please enter your student ID in the textbox, and press okay. 
This message will then be deleted.",12/07/2022 02:58:00,https://discord.com/channels/994167372090966016/994167372942413906/996249038246645870,Robo-Joey-Development,995939851125932072
497877,test,12/07/2022 02:59:29,https://discord.com/channels/994167372090966016/994167372942413906/996249414555418724,Joey Nic,282428409685213184
0,"Thank you <@282428409685213184> for your check in! 
I don't seem to have your student ID in my database yet. 
Please enter your student ID in the textbox, and press okay.
This message will then be deleted.",12/07/2022 02:59:30,https://discord.com/channels/994167372090966016/994167372942413906/996249418003120198,Robo-Joey-Development,995939851125932072
497877,g,12/07/2022 03:10:03,https://discord.com/channels/994167372090966016/994167372942413906/996252070292234380,Joey Nic,282428409685213184
0,"Thank you <@282428409685213184> for your check in! 
I don't seem to have your student ID in my database yet. 
Please enter your student ID in the textbox, and press okay.
This message will then be deleted.",12/07/2022 03:10:03,https://discord.com/channels/994167372090966016/994167372942413906/996252073345699931,Robo-Joey-Development,995939851125932072
0,You clicked the button!,12/07/2022 03:10:06,https://discord.com/channels/994167372090966016/994167372942413906/996252084829691975,Robo-Joey-Development,995939851125932072
0,You clicked the button!,12/07/2022 03:11:37,https://discord.com/channels/994167372090966016/994167372942413906/996252466117091328,Robo-Joey-Development,995939851125932072
497877,df,12/07/2022 03:13:43,https://discord.com/channels/994167372090966016/994167372942413906/996252994616172624,Joey Nic,282428409685213184
497877,h,12/07/2022 03:23:31,https://discord.com/channels/994167372090966016/994167372942413906/996255462284603503,Joey Nic,282428409685213184
0,"Thank you <@282428409685213184> for your check in! 
I don't seem to have your student ID in my database yet. 
Please enter your student ID in the textbox, and press okay.
This message will then be deleted.",12/07/2022 03:23:32,https://discord.com/channels/994167372090966016/994167372942413906/996255465354829914,Robo-Joey-Development,995939851125932072
0,,12/07/2022 03:24:07,https://discord.com/channels/994167372090966016/994167372942413906/996255610515509268,Robo-Joey-Development,995939851125932072
497877,g,12/07/2022 03:26:14,https://discord.com/channels/994167372090966016/994167372942413906/996256146363002912,Joey Nic,282428409685213184
497877,h,12/07/2022 03:27:13,https://discord.com/channels/994167372090966016/994167372942413906/996256394426724443,Joey Nic,282428409685213184
0,"Thank you <@282428409685213184> for your check in! 
I don't seem to have your student ID in my database yet. 
Please enter your student ID in the textbox, and press okay.
This message will then be deleted.",12/07/2022 03:27:15,https://discord.com/channels/994167372090966016/994167372942413906/996256399183073300,Robo-Joey-Development,995939851125932072
497877,d,12/07/2022 03:27:49,https://discord.com/channels/994167372090966016/994167372942413906/996256543832023240,Joey Nic,282428409685213184
0,"Thank you <@282428409685213184> for your check in! 
I don't seem to have your student ID in my database yet. 
Please enter your student ID in the textbox, and press okay.
This message will then be deleted.",12/07/2022 03:27:50,https://discord.com/channels/994167372090966016/994167372942413906/996256549049729084,Robo-Joey-Development,995939851125932072
497877,h,12/07/2022 03:28:21,https://discord.com/channels/994167372090966016/994167372942413906/996256677965877308,Joey Nic,282428409685213184
0,"Thank you <@282428409685213184> for your check in! 
I don't seem to have your student ID in my database yet. 
Please enter your student ID in the textbox, and press okay.
This message will then be deleted.",12/07/2022 03:28:22,https://discord.com/channels/994167372090966016/994167372942413906/996256682738987019,Robo-Joey-Development,995939851125932072
497877,sfdg,12/07/2022 03:29:20,https://discord.com/channels/994167372090966016/994167372942413906/996256924280569928,Joey Nic,282428409685213184
0,"Thank you <@282428409685213184> for your check in! 
I don't seem to have your student ID in my database yet. 
Please enter your student ID in the textbox, and press okay.
This message will then be deleted.",12/07/2022 03:29:21,https://discord.com/channels/994167372090966016/994167372942413906/996256929808654397,Robo-Joey-Development,995939851125932072
497877,te,12/07/2022 03:29:32,https://discord.com/channels/994167372090966016/994167372942413906/996256973513306242,Joey Nic,282428409685213184
0,"Thank you <@282428409685213184> for your check in! 
I don't seem to have your student ID in my database yet. 
Please enter your student ID in the textbox, and press okay.
This message will then be deleted.",12/07/2022 03:29:33,https://discord.com/channels/994167372090966016/994167372942413906/996256978097688617,Robo-Joey-Development,995939851125932072
497877,stse,12/07/2022 03:29:34,https://discord.com/channels/994167372090966016/994167372942413906/996256984879857716,Joey Nic,282428409685213184
0,"Thank you <@282428409685213184> for your check in! 
I don't seem to have your student ID in my database yet. 
Please enter your student ID in the textbox, and press okay.
This message will then be deleted.",12/07/2022 03:29:35,https://discord.com/channels/994167372090966016/994167372942413906/996256989531357234,Robo-Joey-Development,995939851125932072
497877,h,12/07/2022 03:38:48,https://discord.com/channels/994167372090966016/994167372942413906/996259305902854284,Joey Nic,282428409685213184
497877,dsfas,12/07/2022 03:40:08,https://discord.com/channels/994167372090966016/994167372942413906/996259643791773696,Joey Nic,282428409685213184
0,"Thank you <@282428409685213184> for your check in! 
I don't seem to have your student ID in my database yet. 
Please enter your student ID in the textbox, and press okay.
This message will then be deleted.",12/07/2022 03:40:09,https://discord.com/channels/994167372090966016/994167372942413906/996259648388730920,Robo-Joey-Development,995939851125932072
497877,g,12/07/2022 03:42:43,https://discord.com/channels/994167372090966016/994167372942413906/996260294231855245,Joey Nic,282428409685213184
0,"Thank you <@282428409685213184> for your check in! 
I don't seem to have your student ID in my database yet. 
Please enter your student ID in the textbox, and press okay.
This message will then be deleted.",12/07/2022 03:42:44,https://discord.com/channels/994167372090966016/994167372942413906/996260298673631333,Robo-Joey-Development,995939851125932072
497877,g,12/07/2022 03:44:08,https://discord.com/channels/994167372090966016/994167372942413906/996260650466676836,Joey Nic,282428409685213184
0,"Thank you <@282428409685213184> for your check in! 
I don't seem to have your student ID in my database yet. 
Please enter your student ID in the textbox, and press okay.
This message will then be deleted.",12/07/2022 03:44:09,https://discord.com/channels/994167372090966016/994167372942413906/996260655072034857,Robo-Joey-Development,995939851125932072
497877,sdf,12/07/2022 03:50:05,https://discord.com/channels/994167372090966016/994167372942413906/996262145832534027,Joey Nic,282428409685213184
0,"Thank you <@282428409685213184> for your check in! 
Please enter your student ID.",12/07/2022 03:50:06,https://discord.com/channels/994167372090966016/994167372942413906/996262150446268516,Robo-Joey-Development,995939851125932072
497877,asd,12/07/2022 03:53:40,https://discord.com/channels/994167372090966016/994167372942413906/996263050673934386,Joey Nic,282428409685213184
0,"Thank you <@282428409685213184> for your check in! 
Please enter your student ID.",12/07/2022 03:53:42,https://discord.com/channels/994167372090966016/994167372942413906/996263055367340104,Robo-Joey-Development,995939851125932072
0,<__main__.MyModal object at 0x0000016B4FC13730>,12/07/2022 03:53:43,https://discord.com/channels/994167372090966016/994167372942413906/996263061310685236,Robo-Joey-Development,995939851125932072
0,<__main__.MyModal object at 0x0000016B4FC13A60>,12/07/2022 03:53:53,https://discord.com/channels/994167372090966016/994167372942413906/996263104222593088,Robo-Joey-Development,995939851125932072
497877,test,12/07/2022 03:54:19,https://discord.com/channels/994167372090966016/994167372942413906/996263210887938108,Joey Nic,282428409685213184
0,"Thank you <@282428409685213184> for your check in! 
Please enter your student ID.",12/07/2022 03:54:20,https://discord.com/channels/994167372090966016/994167372942413906/996263215585574953,Robo-Joey-Development,995939851125932072
0,thank you,12/07/2022 03:54:33,https://discord.com/channels/994167372090966016/994167372942413906/996263269645963396,Robo-Joey-Development,995939851125932072
497877,sd,12/07/2022 04:08:53,https://discord.com/channels/994167372090966016/994167372942413906/996266878781624371,Joey Nic,282428409685213184
497877,sad,12/07/2022 04:10:00,https://discord.com/channels/994167372090966016/994167372942413906/996267160668225576,Joey Nic,282428409685213184
0,"Thank you <@282428409685213184> for your check in! 
Please enter your student ID.",12/07/2022 04:10:01,https://discord.com/channels/994167372090966016/994167372942413906/996267162207539290,Robo-Joey-Development,995939851125932072
497877,asdf ewrtw,12/07/2022 04:16:16,https://discord.com/channels/994167372090966016/994167372942413906/996267672746594314,Joey Nic,282428409685213184
0,"Thank you <@282428409685213184> for your check in! 
Please enter your student ID.",12/07/2022 04:12:03,https://discord.com/channels/994167372090966016/994167372942413906/996267674420138096,Robo-Joey-Development,995939851125932072
497877,teest,12/07/2022 05:27:15,https://discord.com/channels/994167372090966016/994167372942413906/996286598272532580,Joey Nic,282428409685213184
0,"Thank you <@282428409685213184> for your check in!
I don't seem to have you student ID yet.",12/07/2022 05:27:15,https://discord.com/channels/994167372090966016/994167372942413906/996286600352895010,Robo-Joey-Development,995939851125932072
497877,d,12/07/2022 05:28:05,https://discord.com/channels/994167372090966016/994167372942413906/996286810248466452,Joey Nic,282428409685213184
497877,sdf,12/07/2022 05:30:03,https://discord.com/channels/994167372090966016/994167372942413906/996287304433934356,Joey Nic,282428409685213184
497877,f,12/07/2022 05:32:07,https://discord.com/channels/994167372090966016/994167372942413906/996287825857216563,Joey Nic,282428409685213184
0,"Thank you <@282428409685213184> for your check in!
I don't seem to have you student ID yet.",12/07/2022 05:32:08,https://discord.com/channels/994167372090966016/994167372942413906/996287827715313695,Robo-Joey-Development,995939851125932072
497877,t,12/07/2022 05:41:00,https://discord.com/channels/994167372090966016/994167372942413906/996290060985061417,Joey Nic,282428409685213184
0,"Thank you <@282428409685213184> for your check in!
I don't seem to have you student ID yet.",12/07/2022 05:41:01,https://discord.com/channels/994167372090966016/994167372942413906/996290063069614090,Robo-Joey-Development,995939851125932072
497877,sdf,12/07/2022 05:41:54,https://discord.com/channels/994167372090966016/994167372942413906/996290287674593360,Joey Nic,282428409685213184
497877,996290287674593360,12/07/2022 07:06:08,https://discord.com/channels/994167372090966016/994167372942413906/996311486236459018,Joey Nic,282428409685213184
497877,https://discord.com/channels/994167372090966016/994167372942413906/996290287674593360,12/07/2022 07:06:19,https://discord.com/channels/994167372090966016/994167372942413906/996311530561867796,Joey Nic,282428409685213184
497877,282428409685213184,12/07/2022 07:06:32,https://discord.com/channels/994167372090966016/994167372942413906/996311586681659433,Joey Nic,282428409685213184
497877,994167372942413906,12/07/2022 07:06:57,https://discord.com/channels/994167372090966016/994167372942413906/996311690960453642,Joey Nic,282428409685213184
497877,994167372090966016,12/07/2022 07:07:05,https://discord.com/channels/994167372090966016/994167372942413906/996311725194350592,Joey Nic,282428409685213184
497877,test,12/07/2022 07:20:47,https://discord.com/channels/994167372090966016/994167372942413906/996315171024801842,Joey Nic,282428409685213184
497877,test,12/07/2022 07:20:48,https://discord.com/channels/994167372090966016/994167372942413906/996315177052020756,Joey Nic,282428409685213184
0,check ins:,12/07/2022 08:05:57,https://discord.com/channels/994167372090966016/994167372942413906/996326539023106109,Robo-Joey-Development,995939851125932072
0,check ins:,12/07/2022 08:06:29,https://discord.com/channels/994167372090966016/994167372942413906/996326671898648626,Robo-Joey-Development,995939851125932072
497877,"lets try a multi line message with commas ,,, , , ,,
\\,\,,
sdfasd",12/07/2022 08:10:09,https://discord.com/channels/994167372090966016/994167372942413906/996327596205817906,Joey Nic,282428409685213184
